,Train loss,Train accuracy,Train Error,Test loss,Test accuracy,Test Error,Valid loss,Valid accuracy,Valid Error
Simple MLP,44.98943090438843,81.16123676300049,18.83876323699951,49.512508511543274,79.20199632644653,20.798003673553467,47.94835150241852,80.95238208770752,19.04761791229248
