,Train loss,Train accuracy,Train Error,Test loss,Test accuracy,Test Error,Valid loss,Valid accuracy,Valid Error
Simple MLP,42.815586924552925,82.05235600471497,17.947643995285034,47.15811312198639,80.19950389862059,19.800496101379395,44.728606939315796,76.19047760963441,23.8095223903656
CNN,35.45549511909485,84.76747274398804,15.232527256011963,39.9223655462265,82.94264078140259,17.057359218597412,39.25751745700836,80.95238208770752,19.04761791229248
