,Train loss,Train accuracy,Train Error,Test loss,Test accuracy,Test Error,Valid loss,Valid accuracy,Valid Error
Simple MLP,43.57718825340271,82.08020329475403,17.91979670524597,47.83976078033447,80.39900064468384,19.600999355316162,43.90614032745361,76.1904776096344,23.8095223903656
